topic,question_en,question_hi,option1_en,option1_hi,option2_en,option2_hi,option3_en,option3_hi,option4_en,option4_hi,correct,explanation_en,explanation_hi,exam_type_year
DSSSB TGT Special Education - Special Education,"According to the RPwD Act, 2016, inclusive education means:","RPwD अधिनियम, 2016 के अनुसार, समावेशी शिक्षा का अर्थ है:",A system where children with disabilities are taught only in special schools.,एक ऐसी प्रणाली जहाँ दिव्यांग बालकों को केवल विशेष विद्यालयों में पढ़ाया जाता है।,A system where children with disabilities study at home.,एक ऐसी प्रणाली जहाँ दिव्यांग बालक घर पर पढ़ते हैं।,A system where students with and without disability learn together with suitably adapted teaching.,एक ऐसी प्रणाली जहाँ दिव्यांग और गैर-दिव्यांग छात्र साथ-साथ सीखते हैं तथा शिक्षण उपयुक्त रूप से अनुकूलित होता है।,A system where only gifted children are included in regular schools.,एक ऐसी प्रणाली जहाँ केवल प्रतिभाशाली बालकों को सामान्य विद्यालयों में सम्मिलित किया जाता है।,3,Section 2(m) of RPwD Act 2016 defines inclusive education as students with and without disability learning together with adapted teaching-learning.,RPwD अधिनियम 2016 की धारा 2(m) समावेशी शिक्षा को दिव्यांग और गैर-दिव्यांग छात्रों के साथ-साथ सीखने तथा अनुकूलित शिक्षण-अधिगम के रूप में परिभाषित करती है।,
DSSSB TGT Special Education - Special Education,The main difference between mainstreaming and inclusion is that:,मुख्यधारा में समावेशन (mainstreaming) और समावेशी शिक्षा (inclusion) के बीच मुख्य अंतर यह है कि:,Mainstreaming is for gifted children while inclusion is for disabled children.,मुख्यधारा में समावेशन प्रतिभाशाली बालकों के लिए है जबकि समावेशी शिक्षा दिव्यांग बालकों के लिए है।,Mainstreaming and inclusion are identical concepts.,मुख्यधारा में समावेशन और समावेशी शिक्षा समान अवधारणाएँ हैं।,Mainstreaming focuses on the child's readiness for general education while inclusion focuses on the school's duty to include all.,मुख्यधारा में समावेशन बालक की सामान्य शिक्षा के लिए तत्परता पर केंद्रित है जबकि समावेशी शिक्षा विद्यालय के सभी को सम्मिलित करने के कर्तव्य पर केंद्रित है।,Mainstreaming requires no support services.,मुख्यधारा में समावेशन में किसी सहायता सेवा की आवश्यकता नहीं होती।,3,Mainstreaming asks whether the child is ready for general education; inclusion asks how the school will accommodate all children.,मुख्यधारा में समावेशन पूछता है कि बालक सामान्य शिक्षा के लिए तैयार है या नहीं; समावेशी शिक्षा पूछती है कि विद्यालय सभी बालकों को कैसे समायोजित करेगा।,
DSSSB TGT Special Education - Special Education,Universal Design for Learning (UDL) is based on which three principles?,यूनिवर्सल डिज़ाइन फॉर लर्निंग (UDL) किन तीन सिद्धांतों पर आधारित है?,"Segregation, specialization and isolation.","पृथक्करण, विशेषज्ञता और अलगाव।","Repetition, drill and memorization.","पुनरावृत्ति, अभ्यास और स्मरण।","Testing, grading and ranking.","परीक्षण, श्रेणीकरण और रैंकिंग।","Multiple means of representation, engagement and action/expression.","प्रतिनिधित्व, सहभागिता तथा क्रिया/अभिव्यक्ति के बहुविध साधन।",4,"UDL provides multiple means of representation, engagement and action/expression to reduce learning barriers.","UDL अधिगम बाधाओं को कम करने के लिए प्रतिनिधित्व, सहभागिता तथा क्रिया/अभिव्यक्ति के बहुविध साधन प्रदान करता है।",
DSSSB TGT Special Education - Special Education,"Assertion (A): Inclusive education is a fundamental right of every child with disability. Reason (R): The RPwD Act, 2016 prohibits discrimination in admission on the basis of disability.","अभिकथन (A): समावेशी शिक्षा प्रत्येक दिव्यांग बालक का मूलभूत अधिकार है। कारण (R): RPwD अधिनियम, 2016 दिव्यांगता के आधार पर प्रवेश में भेदभाव का निषेध करता है।","Both A and R are true, but R is not the correct explanation of A.","A और R दोनों सत्य हैं, परंतु R, A की सही व्याख्या नहीं है।","Both A and R are true, and R is the correct explanation of A.","A और R दोनों सत्य हैं, तथा R, A की सही व्याख्या है।","A is true, but R is false.","A सत्य है, परंतु R असत्य है।","A is false, but R is true.","A असत्य है, परंतु R सत्य है।",2,"The RPwD Act prohibits admission discrimination, which directly supports the assertion that inclusive education is a fundamental right.","RPwD अधिनियम प्रवेश में भेदभाव का निषेध करता है, जो सीधे इस अभिकथन का समर्थन करता है कि समावेशी शिक्षा मूलभूत अधिकार है।",
DSSSB TGT Special Education - Special Education,"Reasonable accommodation under the RPwD Act, 2016 includes:","RPwD अधिनियम, 2016 के अंतर्गत उचित अनुकूलन (reasonable accommodation) में सम्मिलित है:",Necessary modifications and adjustments that do not impose disproportionate burden.,आवश्यक संशोधन और समायोजन जो असमान भार न डालें।,Mandatory institutionalization of the child.,बालक का अनिवार्य संस्थागतकरण।,Separate curriculum with no general education content.,सामान्य शिक्षा सामग्री के बिना पृथक पाठ्यक्रम।,Only financial compensation to the family.,परिवार को केवल आर्थिक मुआवजा।,1,Section 2(y) defines reasonable accommodation as necessary modifications without disproportionate or undue burden.,धारा 2(y) उचित अनुकूलन को बिना असमान या अनुचित भार के आवश्यक संशोधनों के रूप में परिभाषित करती है।,
DSSSB TGT Special Education - Special Education,Which of the following is NOT a barrier to inclusive education?,निम्नलिखित में से कौन-सा समावेशी शिक्षा में बाधा नहीं है?,Lack of trained special educators,प्रशिक्षित विशेष शिक्षकों की कमी,Flexible and adapted curriculum,लचीला और अनुकूलित पाठ्यक्रम,Negative attitudes of teachers,शिक्षकों के नकारात्मक दृष्टिकोण,Inaccessible school buildings,अगम्य विद्यालय भवन,2,"A flexible and adapted curriculum is a facilitator of inclusion, not a barrier.","लचीला और अनुकूलित पाठ्यक्रम समावेशन का सहायक है, बाधा नहीं।",
DSSSB TGT Special Education - Special Education,"The Salamanca Statement, 1994 emphasizes that:","सलामांका घोषणा, 1994 बल देती है कि:",Children with disabilities should be educated only in special schools.,दिव्यांग बालकों को केवल विशेष विद्यालयों में शिक्षित किया जाना चाहिए।,Regular schools with inclusive orientation are the most effective means of combating discriminatory attitudes.,समावेशी दृष्टिकोण वाले सामान्य विद्यालय भेदभावपूर्ण दृष्टिकोणों से लड़ने के सर्वाधिक प्रभावी साधन हैं।,Inclusive education is optional for governments.,समावेशी शिक्षा सरकारों के लिए वैकल्पिक है।,Only mild disabilities should be included in regular schools.,केवल हल्की दिव्यांगता वाले बालकों को सामान्य विद्यालयों में सम्मिलित किया जाना चाहिए।,2,The Salamanca Statement declares regular inclusive schools as the most effective means of combating discrimination.,सलामांका घोषणा सामान्य समावेशी विद्यालयों को भेदभाव से लड़ने का सर्वाधिक प्रभावी साधन घोषित करती है।,
DSSSB TGT Special Education - Special Education,Match List-I with List-II: List-I A. Zero Reject B. Least Restrictive Environment C. Reasonable Accommodation D. Universal Design for Learning; List-II 1. Necessary modifications without undue burden 2. No child denied admission on ground of disability 3. Multiple means of representation and engagement 4. Educating with non-disabled peers to maximum extent appropriate. Choose the correct match:,सूची-I को सूची-II से सुमेलित कीजिए: सूची-I A. शून्य अस्वीकृति B. न्यूनतम प्रतिबंधात्मक वातावरण C. उचित अनुकूलन D. यूनिवर्सल डिज़ाइन फॉर लर्निंग; सूची-II 1. असमान भार के बिना आवश्यक संशोधन 2. दिव्यांगता के आधार पर किसी बालक को प्रवेश से वंचित न करना 3. प्रतिनिधित्व और सहभागिता के बहुविध साधन 4. यथासंभव उचित सीमा तक गैर-दिव्यांग साथियों के साथ शिक्षा। सही सुमेलन चुनिए:,"A-4, B-3, C-2, D-1","A-4, B-3, C-2, D-1","A-2, B-4, C-1, D-3","A-2, B-4, C-1, D-3","A-3, B-1, C-4, D-2","A-3, B-1, C-4, D-2","A-1, B-2, C-3, D-4","A-1, B-2, C-3, D-4",2,"Zero reject means no denial of admission, LRE means education with non-disabled peers, reasonable accommodation means modifications without undue burden, UDL means multiple means.","शून्य अस्वीकृति का अर्थ प्रवेश से इनकार नहीं, LRE का अर्थ गैर-दिव्यांग साथियों के साथ शिक्षा, उचित अनुकूलन का अर्थ बिना असमान भार के संशोधन, UDL का अर्थ बहुविध साधन।",
DSSSB TGT Special Education - Special Education,NEP 2020 recognizes how many major identities under Socio-Economically Disadvantaged Groups (SEDGs)?,NEP 2020 सामाजिक-आर्थिक रूप से वंचित समूहों (SEDGs) के अंतर्गत कितनी प्रमुख पहचानों को मान्यता देती है?,10,10,7,7,3,3,5,5,4,"NEP 2020 recognizes five SEDG identities: gender, socio-cultural, geographical, disabilities and socio-economic.","NEP 2020 पाँच SEDG पहचानों को मान्यता देती है: लिंग, सामाजिक-सांस्कृतिक, भौगोलिक, दिव्यांगता और सामाजिक-आर्थिक।",
DSSSB TGT Special Education - Special Education,The principle of zero reject in inclusive education means:,समावेशी शिक्षा में शून्य अस्वीकृति का सिद्धांत का अर्थ है:,Children with severe disabilities should be rejected.,गंभीर दिव्यांगता वाले बालकों को अस्वीकार किया जाना चाहिए।,Only children with mild disabilities can be admitted.,केवल हल्की दिव्यांगता वाले बालकों को प्रवेश दिया जा सकता है।,No child with disability can be denied admission to any educational institution on the ground of disability.,दिव्यांगता के आधार पर किसी भी दिव्यांग बालक को किसी शिक्षण संस्थान में प्रवेश से वंचित नहीं किया जा सकता।,Parents can be asked to keep the child at home.,माता-पिता से बालक को घर पर रखने के लिए कहा जा सकता है।,3,Zero reject prohibits denial of admission to any child on the basis of disability.,शून्य अस्वीकृति दिव्यांगता के आधार पर किसी भी बालक को प्रवेश देने से इनकार का निषेध करता है।,
DSSSB TGT Special Education - Special Education,Which of the following is an example of a reasonable accommodation in a classroom?,निम्नलिखित में से कौन-सा कक्षा में उचित अनुकूलन का उदाहरण है?,Refusing to allow a student to use a hearing aid.,छात्र को श्रवण यंत्र के उपयोग की अनुमति देने से इनकार करना।,Providing extra time on tests for a student with a learning disability.,अधिगम दिव्यांगता वाले छात्र को परीक्षा में अतिरिक्त समय देना।,Removing ramps from the school building.,विद्यालय भवन से रैंप हटाना।,Denying a scribe to a student with visual impairment.,दृष्टिबाधित छात्र को लेखक देने से इनकार करना।,2,Extra time on tests is a reasonable accommodation that enables equal participation for students with learning disabilities.,परीक्षा में अतिरिक्त समय एक उचित अनुकूलन है जो अधिगम दिव्यांगता वाले छात्रों के लिए समान भागीदारी सक्षम बनाता है।,
DSSSB TGT Special Education - Special Education,Consider the following statements: 1. Inclusive education focuses on the child's right to general education. 2. Mainstreaming focuses on the child's readiness for general education. Which statement(s) is/are correct?,निम्नलिखित कथनों पर विचार करें: 1. समावेशी शिक्षा बालक के सामान्य शिक्षा के अधिकार पर केंद्रित है। 2. मुख्यधारा में समावेशन बालक की सामान्य शिक्षा के लिए तत्परता पर केंद्रित है। कौन-सा/से कथन सही है/हैं?,Neither 1 nor 2,न तो 1 और न ही 2,Only 1,केवल 1,Both 1 and 2,1 और 2 दोनों,Only 2,केवल 2,3,Inclusion is rights-based while mainstreaming is readiness-based; both statements are correct.,समावेशन अधिकार-आधारित है जबकि मुख्यधारा में समावेशन तत्परता-आधारित है; दोनों कथन सही हैं।,
DSSSB TGT Special Education - Special Education,The Sarva Shiksha Abhiyan (SSA) emphasized inclusion of children with special needs through:,सर्व शिक्षा अभियान (SSA) ने विशेष आवश्यकता वाले बालकों के समावेशन पर बल दिया:,Medical treatment only.,केवल चिकित्सीय उपचार।,Zero rejection policy and barrier-free access.,शून्य अस्वीकृति नीति और बाधा-मुक्त पहुँच।,Separate special schools only.,केवल पृथक विशेष विद्यालय।,Home-based education only.,केवल घर-आधारित शिक्षा।,2,SSA promoted zero rejection policy and barrier-free access for inclusive education.,SSA ने समावेशी शिक्षा के लिए शून्य अस्वीकृति नीति और बाधा-मुक्त पहुँच को बढ़ावा दिया।,
DSSSB TGT Special Education - Special Education,How does the social model of disability contribute to inclusive education?,दिव्यांगता का सामाजिक मॉडल समावेशी शिक्षा में किस प्रकार योगदान देता है?,It focuses only on medical treatment.,यह केवल चिकित्सीय उपचार पर केंद्रित है।,It recommends segregation of children with disabilities.,यह दिव्यांग बालकों के पृथक्करण की सिफारिश करता है।,It locates disability solely in the individual.,यह दिव्यांगता को पूर्णतः व्यक्ति में मानता है।,It attributes disability to societal barriers and supports changing the system to accommodate all.,यह दिव्यांगता को सामाजिक बाधाओं से जोड़ता है और सभी को समायोजित करने के लिए प्रणाली बदलने का समर्थन करता है।,4,"The social model views disability as created by environmental and attitudinal barriers, supporting systemic change for inclusion.","सामाजिक मॉडल दिव्यांगता को पर्यावरणीय और दृष्टिकोणात्मक बाधाओं से उत्पन्न मानता है, जो समावेशन हेतु प्रणालीगत परिवर्तन का समर्थन करता है।",
DSSSB TGT Special Education - Special Education,Which of the following is NOT a characteristic of an inclusive school?,निम्नलिखित में से कौन-सा समावेशी विद्यालय की विशेषता नहीं है?,Barrier-free physical environment.,बाधा-मुक्त भौतिक वातावरण।,Collaboration among teachers and specialists.,शिक्षकों और विशेषज्ञों के बीच सहयोग।,Flexible curriculum and teaching methods.,लचीला पाठ्यक्रम और शिक्षण विधियाँ।,Homogeneous grouping of students based on disability.,दिव्यांगता के आधार पर छात्रों का समरूप समूहन।,4,Inclusive schools value diversity and avoid homogeneous grouping based on disability.,समावेशी विद्यालय विविधता को महत्व देते हैं और दिव्यांगता के आधार पर समरूप समूहन से बचते हैं।,
DSSSB TGT Special Education - Special Education,"Assertion (A): Inclusive education benefits non-disabled students as well. Reason (R): Learning together fosters empathy, tolerance and acceptance of diversity.","अभिकथन (A): समावेशी शिक्षा गैर-दिव्यांग छात्रों को भी लाभ पहुँचाती है। कारण (R): साथ-साथ सीखना सहानुभूति, सहिष्णुता और विविधता की स्वीकृति को बढ़ावा देता है।","Both A and R are true, but R is not the correct explanation of A.","A और R दोनों सत्य हैं, परंतु R, A की सही व्याख्या नहीं है।","A is true, but R is false.","A सत्य है, परंतु R असत्य है।","A is false, but R is true.","A असत्य है, परंतु R सत्य है।","Both A and R are true, and R is the correct explanation of A.","A और R दोनों सत्य हैं, तथा R, A की सही व्याख्या है।",4,"Learning together builds empathy and acceptance, which directly explains why non-disabled students benefit.","साथ-साथ सीखना सहानुभूति और स्वीकृति का निर्माण करता है, जो सीधे बताता है कि गैर-दिव्यांग छात्रों को लाभ क्यों होता है।",
DSSSB TGT Special Education - Special Education,The concept of barrier-free access in education includes:,शिक्षा में बाधा-मुक्त पहुँच की अवधारणा में सम्मिलित है:,Only financial support.,केवल आर्थिक सहायता।,Only physical access.,केवल भौतिक पहुँच।,Only separate special schools.,केवल पृथक विशेष विद्यालय।,"Physical access (ramps, toilets) and access to information and communication.","भौतिक पहुँच (रैंप, शौचालय) तथा सूचना और संचार तक पहुँच।",4,Barrier-free access covers both physical infrastructure and information/communication accessibility.,बाधा-मुक्त पहुँच में भौतिक अधोसंरचना तथा सूचना/संचार सुगम्यता दोनों सम्मिलित हैं।,
DSSSB TGT Special Education - Special Education,Which of the following is a key feature of an Individualized Education Program (IEP)?,निम्नलिखित में से कौन-सा व्यक्तिगत शिक्षा कार्यक्रम (IEP) की प्रमुख विशेषता है?,It is the same for all students with disabilities.,यह सभी दिव्यांग छात्रों के लिए समान होता है।,"It specifies individualized goals, services and evaluation procedures.","यह व्यक्तिगत लक्ष्य, सेवाएँ और मूल्यांकन प्रक्रियाएँ निर्दिष्ट करता है।",It is prepared only by the principal.,यह केवल प्रधानाचार्य द्वारा तैयार किया जाता है।,It replaces the general curriculum entirely.,यह सामान्य पाठ्यक्रम को पूर्णतः प्रतिस्थापित करता है।,2,"An IEP is individualized, specifying unique goals, services and evaluation procedures for a child with disability.","IEP व्यक्तिगत होता है, जो दिव्यांग बालक के लिए अद्वितीय लक्ष्य, सेवाएँ और मूल्यांकन प्रक्रियाएँ निर्दिष्ट करता है।",
DSSSB TGT Special Education - Special Education,"The RPwD Act, 2016 mandates that children with benchmark disabilities have a right to study in:","RPwD अधिनियम, 2016 अनिवार्य करता है कि मानक दिव्यांगता वाले बालकों को कहाँ अध्ययन का अधिकार है?",Only hospital schools.,केवल अस्पताल विद्यालयों में।,Only residential special schools.,केवल आवासीय विशेष विद्यालयों में।,Neighbourhood schools.,पड़ोस के विद्यालयों में।,Only home-based education.,केवल घर-आधारित शिक्षा में।,3,The RPwD Act provides that children with benchmark disabilities have the right to study in neighbourhood schools.,RPwD अधिनियम प्रावधान करता है कि मानक दिव्यांगता वाले बालकों को पड़ोस के विद्यालयों में अध्ययन का अधिकार है।,
DSSSB TGT Special Education - Special Education,Match List-I with List-II: List-I A. Medical model B. Social model C. Human rights model D. Charity model; List-II 1. Disability is a societal barrier 2. Disability is a personal tragedy requiring pity 3. Disability is an individual deficit 4. Disability is a rights issue. Choose the correct match:,सूची-I को सूची-II से सुमेलित कीजिए: सूची-I A. चिकित्सीय मॉडल B. सामाजिक मॉडल C. मानवाधिकार मॉडल D. दान मॉडल; सूची-II 1. दिव्यांगता एक सामाजिक बाधा है 2. दिव्यांगता एक व्यक्तिगत त्रासदी है जिसके लिए दया आवश्यक है 3. दिव्यांगता एक व्यक्तिगत कमी है 4. दिव्यांगता एक अधिकार का मुद्दा है। सही सुमेलन चुनिए:,"A-4, B-2, C-1, D-3","A-4, B-2, C-1, D-3","A-2, B-4, C-3, D-1","A-2, B-4, C-3, D-1","A-3, B-1, C-4, D-2","A-3, B-1, C-4, D-2","A-1, B-3, C-2, D-4","A-1, B-3, C-2, D-4",3,"The medical model sees deficit in the individual, social model sees societal barriers, human rights model sees rights, charity model sees tragedy.","चिकित्सीय मॉडल व्यक्ति में कमी देखता है, सामाजिक मॉडल सामाजिक बाधाएँ देखता है, मानवाधिकार मॉडल अधिकार देखता है, दान मॉडल त्रासदी देखता है।",
DSSSB TGT Special Education - Special Education,Which of the following assistive technologies supports inclusive education for students with visual impairment?,निम्नलिखित में से कौन-सी सहायक तकनीक दृष्टिबाधित छात्रों के लिए समावेशी शिक्षा का समर्थन करती है?,Only audio recordings.,केवल ऑडियो रिकॉर्डिंग।,Only enlarged print.,केवल बड़े अक्षरों में मुद्रण।,Screen reader software and Braille display.,स्क्रीन रीडर सॉफ्टवेयर और ब्रेल डिस्प्ले।,Only sign language interpreters.,केवल सांकेतिक भाषा दुभाषिए।,3,Screen readers and Braille displays are key assistive technologies for students with visual impairment.,स्क्रीन रीडर और ब्रेल डिस्प्ले दृष्टिबाधित छात्रों के लिए प्रमुख सहायक तकनीकें हैं।,
DSSSB TGT Special Education - Special Education,The principle of least restrictive environment (LRE) requires that:,न्यूनतम प्रतिबंधात्मक वातावरण (LRE) का सिद्धांत अपेक्षा करता है कि:,A child with disability should always be educated at home.,दिव्यांग बालक को सदैव घर पर शिक्षित किया जाना चाहिए।,A child with disability should have no interaction with peers.,दिव्यांग बालक का साथियों से कोई संपर्क न हो।,A child with disability should always be in a special school.,दिव्यांग बालक को सदैव विशेष विद्यालय में होना चाहिए।,A child with disability should be educated with non-disabled peers to the maximum extent appropriate.,दिव्यांग बालक को यथासंभव उचित सीमा तक गैर-दिव्यांग साथियों के साथ शिक्षित किया जाए।,4,"LRE means educating the child with non-disabled peers as much as appropriate, with necessary supports.",LRE का अर्थ है बालक को आवश्यक सहायता के साथ यथासंभव गैर-दिव्यांग साथियों के साथ शिक्षित करना।,
DSSSB TGT Special Education - Special Education,Which of the following is a challenge in implementing inclusive education in India?,भारत में समावेशी शिक्षा के क्रियान्वयन में निम्नलिखित में से कौन-सी चुनौती है?,Supportive school leadership.,सहायक विद्यालय नेतृत्व।,Flexible curriculum.,लचीला पाठ्यक्रम।,Lack of adequate teacher training in inclusive pedagogy.,समावेशी शिक्षाशास्त्र में पर्याप्त शिक्षक प्रशिक्षण का अभाव।,Availability of assistive technology.,सहायक तकनीक की उपलब्धता।,3,Inadequate teacher training in inclusive pedagogy is a major challenge in implementing inclusive education.,समावेशी शिक्षाशास्त्र में अपर्याप्त शिक्षक प्रशिक्षण समावेशी शिक्षा के क्रियान्वयन में एक प्रमुख चुनौती है।,
DSSSB TGT Special Education - Special Education,Universal Design for Learning (UDL) aims to:,यूनिवर्सल डिज़ाइन फॉर लर्निंग (UDL) का उद्देश्य है:,Standardize instruction for all learners.,सभी शिक्षार्थियों के लिए अनुदेशन का मानकीकरण करना।,Minimize learning barriers and improve opportunities for diverse learners.,अधिगम बाधाओं को न्यूनतम करना और विविध शिक्षार्थियों के लिए अवसर बढ़ाना।,Increase reliance on rote memorization.,रटने पर निर्भरता बढ़ाना।,Segregate learners based on ability.,क्षमता के आधार पर शिक्षार्थियों का पृथक्करण करना।,2,UDL is a flexible framework designed to minimize learning barriers and improve opportunities for diverse learners.,UDL एक लचीला ढाँचा है जो अधिगम बाधाओं को कम करने और विविध शिक्षार्थियों के लिए अवसर बढ़ाने के लिए डिज़ाइन किया गया है।,
DSSSB TGT Special Education - Special Education,Assertion (A): Inclusive education requires collaboration among general and special educators. Reason (R): Students with disabilities have diverse needs that require expertise from multiple professionals.,अभिकथन (A): समावेशी शिक्षा में सामान्य और विशेष शिक्षकों के बीच सहयोग आवश्यक है। कारण (R): दिव्यांग छात्रों की विविध आवश्यकताएँ होती हैं जिनके लिए कई पेशेवरों की विशेषज्ञता आवश्यक है।,"A is true, but R is false.","A सत्य है, परंतु R असत्य है।","Both A and R are true, but R is not the correct explanation of A.","A और R दोनों सत्य हैं, परंतु R, A की सही व्याख्या नहीं है।","Both A and R are true, and R is the correct explanation of A.","A और R दोनों सत्य हैं, तथा R, A की सही व्याख्या है।","A is false, but R is true.","A असत्य है, परंतु R सत्य है।",3,The diverse needs of students with disabilities directly necessitate collaboration between general and special educators.,दिव्यांग छात्रों की विविध आवश्यकताएँ सीधे सामान्य और विशेष शिक्षकों के बीच सहयोग की आवश्यकता को जन्म देती हैं।,
DSSSB TGT Special Education - Special Education,The National Education Policy (NEP) 2020 recommends which of the following for inclusive education?,राष्ट्रीय शिक्षा नीति (NEP) 2020 समावेशी शिक्षा के लिए निम्नलिखित में से किसकी सिफारिश करती है?,Zero rejection in admissions and provision of home-based education for children requiring high support.,प्रवेश में शून्य अस्वीकृति तथा उच्च सहायता आवश्यकता वाले बालकों के लिए घर-आधारित शिक्षा का प्रावधान।,Denial of admission to children with severe disabilities.,गंभीर दिव्यांगता वाले बालकों को प्रवेश देने से इनकार।,Removal of assistive technology from classrooms.,कक्षाओं से सहायक तकनीक हटाना।,Segregation of children with disabilities in separate schools.,दिव्यांग बालकों का पृथक विद्यालयों में पृथक्करण।,1,NEP 2020 endorses zero rejection in admissions and home-based education for children requiring high support.,NEP 2020 प्रवेश में शून्य अस्वीकृति और उच्च सहायता आवश्यकता वाले बालकों के लिए घर-आधारित शिक्षा का समर्थन करती है।,
DSSSB TGT Special Education - Special Education,Which of the following statements about inclusive education is FALSE?,समावेशी शिक्षा के संबंध में निम्नलिखित में से कौन-सा कथन असत्य है?,Inclusive education requires curriculum adaptation.,समावेशी शिक्षा में पाठ्यक्रम अनुकूलन आवश्यक है।,Inclusive education promotes participation of all learners.,समावेशी शिक्षा सभी शिक्षार्थियों की भागीदारी को बढ़ावा देती है।,Inclusive education values diversity and difference.,समावेशी शिक्षा विविधता और भिन्नता को महत्व देती है।,Inclusive education requires only physical accessibility.,समावेशी शिक्षा के लिए केवल भौतिक सुगम्यता आवश्यक है।,4,"Inclusive education requires physical, academic and social accessibility, not just physical accessibility.","समावेशी शिक्षा के लिए भौतिक, शैक्षिक और सामाजिक सुगम्यता आवश्यक है, केवल भौतिक सुगम्यता नहीं।",
DSSSB TGT Special Education - Special Education,The concept of 'participation' in inclusive education implies:,समावेशी शिक्षा में 'भागीदारी' की अवधारणा का अर्थ है:,Only participation in examinations.,केवल परीक्षाओं में भागीदारी।,Only participation in sports.,केवल खेलों में भागीदारी।,Only attendance in the classroom.,केवल कक्षा में उपस्थिति।,Active involvement of learners with disabilities in all school activities.,सभी विद्यालयी गतिविधियों में दिव्यांग शिक्षार्थियों की सक्रिय भागीदारी।,4,"Participation means active involvement in all aspects of school life, not mere attendance.","भागीदारी का अर्थ विद्यालय जीवन के सभी पहलुओं में सक्रिय भागीदारी है, न कि केवल उपस्थिति।",
DSSSB TGT Special Education - Special Education,Which of the following is a benefit of inclusive education for society?,निम्नलिखित में से कौन-सा समावेशी शिक्षा का समाज के लिए लाभ है?,Increasing segregation of persons with disabilities.,दिव्यांगजनों का बढ़ता पृथक्करण।,Building an inclusive and equitable society.,एक समावेशी और समतामूलक समाज का निर्माण।,Limiting opportunities for non-disabled students.,गैर-दिव्यांग छात्रों के लिए अवसरों को सीमित करना।,Reducing diversity in classrooms.,कक्षाओं में विविधता में कमी।,2,Inclusive education helps build a more equitable and inclusive society by fostering diversity and acceptance.,समावेशी शिक्षा विविधता और स्वीकृति को बढ़ावा देकर अधिक समतामूलक और समावेशी समाज के निर्माण में सहायता करती है।,
DSSSB TGT Special Education - Special Education,"The Rights of Persons with Disabilities Act, 2016 recognizes how many disabilities?","दिव्यांगजन अधिकार अधिनियम, 2016 कितनी दिव्यांगताओं को मान्यता देता है?",7,7,21,21,14,14,25,25,2,"The RPwD Act, 2016 recognizes 21 disabilities, expanded from 7 under the earlier PwD Act, 1995.","RPwD अधिनियम, 2016 में 21 दिव्यांगताएँ मान्यता प्राप्त हैं, जो पूर्व PwD अधिनियम, 1995 की 7 से बढ़ाई गईं।",
DSSSB TGT Special Education - Special Education,Which of the following is the most appropriate strategy for an inclusive classroom?,समावेशी कक्षा के लिए निम्नलिखित में से कौन-सी सर्वाधिक उपयुक्त रणनीति है?,Using only lecture method.,केवल व्याख्यान विधि का उपयोग।,Ignoring individual differences.,व्यक्तिगत भिन्नताओं की उपेक्षा।,Using multisensory teaching methods.,बहुसंवेदी शिक्षण विधियों का उपयोग।,Using only written tests.,केवल लिखित परीक्षाओं का उपयोग।,3,Multisensory teaching methods address diverse learning styles and support inclusive education.,बहुसंवेदी शिक्षण विधियाँ विविध अधिगम शैलियों को संबोधित करती हैं और समावेशी शिक्षा का समर्थन करती हैं।,